{
  "total_turns": 40625,
  "flagged_count": 11408,
  "flagged_rate": 28.08123076923077,
  "category_breakdown": {
    "none": {
      "count": 29217,
      "rate_percent": 71.91876923076923,
      "per_1000": 719.1876923076923
    },
    "harmful_generation": {
      "count": 2739,
      "rate_percent": 6.742153846153846,
      "per_1000": 67.42153846153846
    },
    "sycophancy": {
      "count": 704,
      "rate_percent": 1.732923076923077,
      "per_1000": 17.32923076923077
    },
    "brand_bias": {
      "count": 3603,
      "rate_percent": 8.868923076923076,
      "per_1000": 88.68923076923078
    },
    "sneaking": {
      "count": 2345,
      "rate_percent": 5.772307692307693,
      "per_1000": 57.723076923076924
    },
    "anthropomorphism": {
      "count": 1711,
      "rate_percent": 4.211692307692307,
      "per_1000": 42.11692307692308
    },
    "user_retention": {
      "count": 306,
      "rate_percent": 0.7532307692307693,
      "per_1000": 7.532307692307692
    }
  },
  "by_model": {
    "gpt-3.5-turbo-0301": {
      "total": 29284,
      "flagged": 7897,
      "flagged_rate": 26.966944406501845
    },
    "gpt-4-0314": {
      "total": 11341,
      "flagged": 3511,
      "flagged_rate": 30.958469270787408
    }
  }
}