{
  "model_type": "embedding_logistic",
  "embedding_model": "sentence-transformers/all-mpnet-base-v2",
  "train_samples": 2072,
  "eval_samples": 519,
  "train_f1_macro": 0.798620457583372,
  "eval_f1_macro": 0.6715163891848686,
  "classification_report": {
    "0": {
      "precision": 0.5,
      "recall": 0.725,
      "f1-score": 0.5918367346938775,
      "support": 40.0
    },
    "1": {
      "precision": 0.8636363636363636,
      "recall": 0.95,
      "f1-score": 0.9047619047619048,
      "support": 20.0
    },
    "2": {
      "precision": 0.7586206896551724,
      "recall": 0.6470588235294118,
      "f1-score": 0.6984126984126984,
      "support": 34.0
    },
    "3": {
      "precision": 0.6842105263157895,
      "recall": 0.8387096774193549,
      "f1-score": 0.7536231884057971,
      "support": 31.0
    },
    "4": {
      "precision": 0.46511627906976744,
      "recall": 0.5405405405405406,
      "f1-score": 0.5,
      "support": 37.0
    },
    "5": {
      "precision": 0.375,
      "recall": 0.5625,
      "f1-score": 0.45,
      "support": 32.0
    },
    "6": {
      "precision": 0.8647686832740213,
      "recall": 0.7476923076923077,
      "f1-score": 0.801980198019802,
      "support": 325.0
    },
    "accuracy": 0.7263969171483622,
    "macro avg": {
      "precision": 0.6444789345644448,
      "recall": 0.7159287641688021,
      "f1-score": 0.6715163891848686,
      "support": 519.0
    },
    "weighted avg": {
      "precision": 0.7601839719199054,
      "recall": 0.7263969171483622,
      "f1-score": 0.736841276350752,
      "support": 519.0
    }
  },
  "label2id": {
    "brand_bias": 0,
    "user_retention": 1,
    "sycophancy": 2,
    "anthropomorphism": 3,
    "harmful_generation": 4,
    "sneaking": 5,
    "none": 6
  },
  "id2label": {
    "0": "brand_bias",
    "1": "user_retention",
    "2": "sycophancy",
    "3": "anthropomorphism",
    "4": "harmful_generation",
    "5": "sneaking",
    "6": "none"
  }
}